<Schema xmlns="http://cdc.connector.ivoyant.com/Mapper/Config" name="ORCLPDB1.HR">
    <Tables>

        <Table name="EMPLOYEES">
            <Processors>
                <!--<RedisProcessor id="Redis-Passthrough" processorID = "REDIS_HASH_STRING_PROCESSOR" passThrough="true" deleteOnKeyUpdate="true" prependTableNameToKey="false">
                    <RedisSink connectionId="local0" type="hash" async="true"/>
                </RedisProcessor>-->

                <RedisProcessor id="Redis1" processorID = "REDIS_STRING_PROCESSOR" publishChangedColumnsOnly="false" deleteOnKeyUpdate="true" prependTableNameToKey="false">
                    <Mapper>
                        <Column src="EMPLOYEE_ID" target="EmpNumber" type="INT"/>
                        <Column src="FIRST_NAME" target="EmpName"/>
                        <Column src="JOB_ID" target="JobId"/>
                        <Column src="HIRE_DATE" target="StartDate"/>
                        <Column src="SALARY" target="Salary" type="DOUBLE"/>
                    </Mapper>
                    <RedisSink connectionId="cluster1" async="true">
                        <Formatter>FREEMARKER_FORMATTER</Formatter>
                        <FormatterTemplate>pipe-delimited.ftl</FormatterTemplate>
                    </RedisSink>
                </RedisProcessor>
            </Processors>
        </Table>
<Table name="EMPLOYEE_ADDRESS">
            <Processors>
                <RedisProcessor id="Redis2" processorID = "REDIS_HASH_PROCESSOR" publishChangedColumnsOnly="false" deleteOnKeyUpdate="true" prependTableNameToKey="false">
                    <Mapper>
                        <Column src="EMPLOYEE_ID" target="EmpNumber" type="INT"/>
                        <Column src="ADDRESS" target="Address"/>
                    </Mapper>
                    <RedisSink connectionId="cluster1" async="true"/>
                </RedisProcessor>
            </Processors>
</Table>
    </Tables>
</Schema>
